{
  "name": "azure-storage-common-cpp",
  "version-semver": "12.3.2",
  "description": [
    "Microsoft Azure Common Storage SDK for C++",
    "This library provides common Azure Storage-related abstractions for Azure SDK."
  ],
  "homepage": "https://github.com/Azure/azure-sdk-for-cpp/tree/main/sdk/storage/azure-storage-common",
  "license": "MIT",
  "dependencies": [
    {
      "name": "azure-core-cpp",
      "default-features": false,
      "version>=": "1.9.0"
    },
    {
      "name": "libxml2",
      "platform": "!windows"
    },
    {
      "name": "openssl",
      "platform": "!windows"
    },
    {
      "name": "vcpkg-cmake",
      "host": true
    },
    {
      "name": "vcpkg-cmake-config",
      "host": true
    }
  ]
}
