{
  "$comment": "Automatically generated by scripts/boost/generate-ports.ps1",
  "name": "boost-concept-check",
  "version": "1.82.0",
  "port-version": 2,
  "description": "Boost concept_check module",
  "homepage": "https://github.com/boostorg/concept_check",
  "license": "BSL-1.0",
  "dependencies": [
    {
      "name": "boost-config",
      "version>=": "1.82.0"
    },
    {
      "name": "boost-preprocessor",
      "version>=": "1.82.0"
    },
    {
      "name": "boost-static-assert",
      "version>=": "1.82.0"
    },
    {
      "name": "boost-type-traits",
      "version>=": "1.82.0"
    },
    {
      "name": "boost-vcpkg-helpers",
      "version>=": "1.82.0"
    }
  ]
}
