{
  "$comment": "Automatically generated by scripts/boost/generate-ports.ps1",
  "name": "boost-fiber",
  "version": "1.82.0",
  "port-version": 2,
  "description": "Boost fiber module",
  "homepage": "https://github.com/boostorg/fiber",
  "license": "BSL-1.0",
  "supports": "!uwp & !arm & !emscripten",
  "dependencies": [
    {
      "name": "boost-algorithm",
      "version>=": "1.82.0"
    },
    {
      "name": "boost-assert",
      "version>=": "1.82.0"
    },
    {
      "name": "boost-build",
      "host": true,
      "version>=": "1.82.0"
    },
    {
      "name": "boost-config",
      "version>=": "1.82.0"
    },
    {
      "name": "boost-context",
      "platform": "!uwp & !emscripten",
      "version>=": "1.82.0"
    },
    {
      "name": "boost-core",
      "version>=": "1.82.0"
    },
    {
      "name": "boost-filesystem",
      "platform": "!uwp",
      "version>=": "1.82.0"
    },
    {
      "name": "boost-format",
      "version>=": "1.82.0"
    },
    {
      "name": "boost-intrusive",
      "version>=": "1.82.0"
    },
    {
      "name": "boost-modular-build-helper",
      "host": true,
      "version>=": "1.82.0"
    },
    {
      "name": "boost-predef",
      "version>=": "1.82.0"
    },
    {
      "name": "boost-smart-ptr",
      "version>=": "1.82.0"
    },
    {
      "name": "boost-vcpkg-helpers",
      "version>=": "1.82.0"
    },
    {
      "name": "vcpkg-cmake",
      "host": true
    }
  ],
  "features": {
    "numa": {
      "description": "Enable NUMA support"
    }
  }
}
