{
  "$comment": "Automatically generated by scripts/boost/generate-ports.ps1",
  "name": "boost-local-function",
  "version": "1.82.0",
  "port-version": 2,
  "description": "Boost local_function module",
  "homepage": "https://github.com/boostorg/local_function",
  "license": "BSL-1.0",
  "dependencies": [
    {
      "name": "boost-config",
      "version>=": "1.82.0"
    },
    {
      "name": "boost-mpl",
      "version>=": "1.82.0"
    },
    {
      "name": "boost-preprocessor",
      "version>=": "1.82.0"
    },
    {
      "name": "boost-scope-exit",
      "version>=": "1.82.0"
    },
    {
      "name": "boost-type-traits",
      "version>=": "1.82.0"
    },
    {
      "name": "boost-typeof",
      "version>=": "1.82.0"
    },
    {
      "name": "boost-utility",
      "version>=": "1.82.0"
    },
    {
      "name": "boost-vcpkg-helpers",
      "version>=": "1.82.0"
    }
  ]
}
