{
  "$comment": "Automatically generated by scripts/boost/generate-ports.ps1",
  "name": "boost-convert",
  "version": "1.82.0",
  "port-version": 2,
  "description": "Boost convert module",
  "homepage": "https://github.com/boostorg/convert",
  "license": "BSL-1.0",
  "dependencies": [
    {
      "name": "boost-config",
      "version>=": "1.82.0"
    },
    {
      "name": "boost-core",
      "version>=": "1.82.0"
    },
    {
      "name": "boost-function-types",
      "version>=": "1.82.0"
    },
    {
      "name": "boost-lexical-cast",
      "version>=": "1.82.0"
    },
    {
      "name": "boost-math",
      "version>=": "1.82.0"
    },
    {
      "name": "boost-mpl",
      "version>=": "1.82.0"
    },
    {
      "name": "boost-optional",
      "version>=": "1.82.0"
    },
    {
      "name": "boost-parameter",
      "version>=": "1.82.0"
    },
    {
      "name": "boost-range",
      "version>=": "1.82.0"
    },
    {
      "name": "boost-spirit",
      "version>=": "1.82.0"
    },
    {
      "name": "boost-type-traits",
      "version>=": "1.82.0"
    },
    {
      "name": "boost-vcpkg-helpers",
      "version>=": "1.82.0"
    }
  ]
}
