{
  "$comment": "Automatically generated by scripts/boost/generate-ports.ps1",
  "name": "boost-lexical-cast",
  "version": "1.82.0",
  "port-version": 2,
  "description": "Boost lexical_cast module",
  "homepage": "https://github.com/boostorg/lexical_cast",
  "license": "BSL-1.0",
  "dependencies": [
    {
      "name": "boost-array",
      "version>=": "1.82.0"
    },
    {
      "name": "boost-assert",
      "version>=": "1.82.0"
    },
    {
      "name": "boost-config",
      "version>=": "1.82.0"
    },
    {
      "name": "boost-container",
      "version>=": "1.82.0"
    },
    {
      "name": "boost-core",
      "version>=": "1.82.0"
    },
    {
      "name": "boost-integer",
      "version>=": "1.82.0"
    },
    {
      "name": "boost-numeric-conversion",
      "version>=": "1.82.0"
    },
    {
      "name": "boost-range",
      "version>=": "1.82.0"
    },
    {
      "name": "boost-static-assert",
      "version>=": "1.82.0"
    },
    {
      "name": "boost-throw-exception",
      "version>=": "1.82.0"
    },
    {
      "name": "boost-type-traits",
      "version>=": "1.82.0"
    },
    {
      "name": "boost-vcpkg-helpers",
      "version>=": "1.82.0"
    }
  ]
}
